<?xml version="1.0" encoding="UTF-8" ?>
<!DOCTYPE tiles-definitions PUBLIC
"-//Apache Software Foundation//DTD Tiles Configuration 2.0//EN"
"http://tiles.apache.org/dtds/tiles-config_2_0.dtd">
<tiles-definitions>
   <definition name="baseLayout"  template="/WEB-INF/views/tiles/layout.jsp">
      <put-attribute name="title" value="" />
      <put-attribute name="header" value="/WEB-INF/views/tiles/header.jsp" />
      <put-attribute name="side" value="" />
      <put-attribute name="body" value="" />
      <put-attribute name="footer" value="/WEB-INF/views/tiles/footer.jsp" />
   </definition>
   
   <definition name="/project/createProjectPage" extends="baseLayout">
      <put-attribute name="title" value="메인페이지" />
      <put-attribute name="body" value="/WEB-INF/views/project/createProjectPage.jsp" />
   </definition>
   
   <definition name="/project/viewProjectPage" extends="baseLayout">
      <put-attribute name="title" value="메인페이지" />
      <put-attribute name="body" value="/WEB-INF/views/project/viewProjectPage.jsp" />
      <put-attribute name="side" value="/WEB-INF/views/tiles/side.jsp"/>
   </definition>
   
   <definition name="/project/manageProjectPage" extends="baseLayout">
      <put-attribute name="title" value="메인페이지" />
      <put-attribute name="body" value="/WEB-INF/views/project/manageProjectPage.jsp" />
      <put-attribute name="side" value="/WEB-INF/views/tiles/side.jsp"/>
   </definition>
   
   <definition name="/project/scheduleProjectPage" extends="baseLayout">
      <put-attribute name="title" value="메인페이지" />
      <put-attribute name="body" value="/WEB-INF/views/project/scheduleProjectPage.jsp" />
      <put-attribute name="side" value="/WEB-INF/views/tiles/side.jsp"/>
   </definition>
   
   
</tiles-definitions>
