<?xml version="1.0" encoding="UTF-8" ?>
<!DOCTYPE tiles-definitions PUBLIC
"-//Apache Software Foundation//DTD Tiles Configuration 2.0//EN"
"http://tiles.apache.org/dtds/tiles-config_2_0.dtd">
<tiles-definitions>
   <definition name="baseLayout"  template="/WEB-INF/views/tiles/layout.jsp">
      <put-attribute name="title" value="" />
      <put-attribute name="header" value="/WEB-INF/views/tiles/header.jsp" />
      <put-attribute name="side" value="" />
      <put-attribute name="body" value="" />
      <put-attribute name="footer" value="/WEB-INF/views/tiles/footer.jsp" />
   </definition>
   
	<definition name="/createProject" extends="baseLayout">
		<put-attribute name="title" value="프로젝트 생성" />
		<put-attribute name="body" value="/WEB-INF/views/main/createProject.jsp" />
		<!--   <put-attribute name="side" value="/WEB-INF/views/tiles/side.jsp"/> -->
	</definition>
  
	<definition name="/updateMyPage" extends="baseLayout">
		<put-attribute name="title" value="개인정보 수정" />
		<put-attribute name="body" value="/WEB-INF/views/myPage/updateMyPage.jsp" />
		<!--   <put-attribute name="side" value="/WEB-INF/views/tiles/side.jsp"/> -->
	</definition>
   
   	<definition name="/pwdCheckPage" extends="baseLayout">
		<put-attribute name="title" value="비밀번호 확인" />
		<put-attribute name="body" value="/WEB-INF/views/myPage/pwdCheckPage.jsp" />
		<!--   <put-attribute name="side" value="/WEB-INF/views/tiles/side.jsp"/> -->
	</definition>

	<definition name="/viewMyPage" extends="baseLayout">
		<put-attribute name="title" value="개인정보 조회" />
		<put-attribute name="body" value="/WEB-INF/views/myPage/viewMyPage.jsp" />
		<!--   <put-attribute name="side" value="/WEB-INF/views/tiles/side.jsp"/> -->
	</definition>

	<definition name="/createUserPage" extends="baseLayout">
		<put-attribute name="title" value="회원가입페이지" />
		<put-attribute name="body" value="/WEB-INF/views/createUser.jsp" />
		<!--   <put-attribute name="side" value="/WEB-INF/views/tiles/side.jsp"/> -->
	</definition>
	
   <definition name="/viewLogin" extends="baseLayout">
      <put-attribute name="title" value="로그인페이지" />
      <put-attribute name="body" value="/WEB-INF/views/user/viewLogin.jsp" />
    <!--   <put-attribute name="side" value="/WEB-INF/views/tiles/side.jsp"/> -->
   </definition>

   
   <definition name="/viewFindInfo" extends="baseLayout">
      <put-attribute name="title" value="아이디찾기페이지" />
      <put-attribute name="body" value="/WEB-INF/views/user/viewFindInfoId.jsp" />
    <!--   <put-attribute name="side" value="/WEB-INF/views/tiles/side.jsp"/> -->
   </definition>
   
   <definition name="/viewFindInfoPwd" extends="baseLayout">
      <put-attribute name="title" value="비번찾기페이지" />
      <put-attribute name="body" value="/WEB-INF/views/user/viewFindInfoPwd.jsp" />
    <!--   <put-attribute name="side" value="/WEB-INF/views/tiles/side.jsp"/> -->
   </definition>
   
   <definition name="/viewId" extends="baseLayout">
      <put-attribute name="title" value="아이디페이지" />
      <put-attribute name="body" value="/WEB-INF/views/user/viewId.jsp" />
    <!--   <put-attribute name="side" value="/WEB-INF/views/tiles/side.jsp"/> -->
   </definition>
   
   <definition name="/viewPwd" extends="baseLayout">
      <put-attribute name="title" value="비번페이지" />
      <put-attribute name="body" value="/WEB-INF/views/user/viewPwd.jsp" />
    <!--   <put-attribute name="side" value="/WEB-INF/views/tiles/side.jsp"/> -->
   </definition>

   <definition name="/error" extends="baseLayout">
      <put-attribute name="title" value="아이디/비번찾기에러페이지" />
      <put-attribute name="body" value="/WEB-INF/views/error.jsp" />
    <!--   <put-attribute name="side" value="/WEB-INF/views/tiles/side.jsp"/> -->
   </definition>
   
</tiles-definitions>
