<?xml version="1.0" encoding="UTF-8" ?>
<!DOCTYPE tiles-definitions PUBLIC
"-//Apache Software Foundation//DTD Tiles Configuration 2.0//EN"
"http://tiles.apache.org/dtds/tiles-config_2_0.dtd">
<tiles-definitions>
   <definition name="baseLayout"  template="/WEB-INF/views/tiles/layout.jsp">
      <put-attribute name="title" value="" />
      <put-attribute name="header" value="/WEB-INF/views/tiles/header.jsp" />
      <put-attribute name="side" value="" />
      <put-attribute name="body" value="" />
      <put-attribute name="footer" value="/WEB-INF/views/tiles/footer.jsp" />
   </definition>
   
   <definition name="/main" extends="baseLayout">
   	<put-attribute name="title" value="mainPage"/>
   	<put-attribute name="body" value="/WEB-INF/views/main/main.jsp"/>
   </definition>
   
   <definition name="/doc/test" extends="baseLayout">
   	<put-attribute name="title" value="mainPage"/>
   	<put-attribute name="body" value="/WEB-INF/views/documents/testpop.jsp"/>
   </definition>
   
   <definition name="/doc/readDoc" extends="baseLayout">
      <put-attribute name="title" value="메인페이지" />
      <put-attribute name="body" value="/WEB-INF/views/documents/plan.jsp" />
    <!--   <put-attribute name="side" value="/WEB-INF/views/tiles/side.jsp"/> -->
   </definition>
   
   <definition name="/doc/viewUpdate" extends="baseLayout">
      <put-attribute name="title" value="메인페이지" />
      <put-attribute name="body" value="/WEB-INF/views/documents/updatePlan.jsp" />
   </definition>
   
   <definition name="/doc/updateDoc" extends="baseLayout">
      <put-attribute name="title" value="메인페이지" />
      <put-attribute name="body" value="/WEB-INF/views/documents/plan.jsp" />
   </definition>
   
   <definition name="/doc/deleteDoc" extends="baseLayout">
      <put-attribute name="title" value="메인페이지" />
      <put-attribute name="body" value="/WEB-INF/views/documents/plan.jsp" />
   </definition>
   
   <definition name="/doc/examPlan" extends="baseLayout">
      <put-attribute name="title" value="기획안 예시" />
      <put-attribute name="header" value="" />
      <put-attribute name="body" value="/WEB-INF/views/documents/examPlan.jsp" />
      <put-attribute name="footer" value="" />
   </definition>
   
	<definition name="/dash/productList" extends="baseLayout">
		<put-attribute name="title" value="메인페이지" />
		<put-attribute name="body" value="/WEB-INF/views/dashboard/productList.jsp" />
    <!--   <put-attribute name="side" value="/WEB-INF/views/tiles/side.jsp"/> -->
	</definition>
	
	
</tiles-definitions>
