<?xml version="1.0" encoding="UTF-8" ?>
<!DOCTYPE mapper
      PUBLIC "-//mybatis.org//DTD Mapper 3.0//EN"
   "http://mybatis.org/dtd/mybatis-3-mapper.dtd">

<mapper namespace="mapper.doc">

   <resultMap id="docMap" type="docVO">
      <id property="docSeq" column="doc_seq"/>
      <result property="projectSeq" column="project_seq"/>
      <result property="docName" column="doc_name"/>
      <result property="docItem1" column="doc_item1"/>
      <result property="docItem2" column="doc_item2"/>
      <result property="docItem3" column="doc_item3"/>
      <result property="docItem4" column="doc_item4"/>
      <result property="docItem5" column="doc_item5"/>
      <result property="docContent1" column="doc_content1"/>
      <result property="docContent2" column="doc_content2"/>
      <result property="docContent3" column="doc_content3"/>
      <result property="docContent4" column="doc_content4"/>
      <result property="docContent5" column="doc_content5"/>
      <result property="createDate" column="create_date"/>
   </resultMap>
   
   <select id="selectDashList" resultMap="docMap">
   	<![CDATA[
        select doc_seq,project_seq,doc_name from documents;
      ]]>
   </select>

   <select id="selectDocBySeq" resultMap="docMap" resultType="docVO">
      <![CDATA[
        select * from documents where doc_seq = #{docSeq};
      ]]>
   </select>
   
   <select id="updateDoc" parameterType="docVO">
      <![CDATA[
        update documents
           set doc_name = #{docName},
               doc_item1 = #{docItem1},
               doc_item2 = #{docItem2},
               doc_item3 = #{docItem3},
               doc_item4 = #{docItem4},
               doc_item5 = #{docItem5},
               doc_content1 = #{docContent1},
               doc_content2 = #{docContent2},
               doc_content3 = #{docContent3},
               doc_content4 = #{docContent4},
               doc_content5 = #{docContent5},
               create_date = #{createDate}
         where doc_seq = #{docSeq};
      ]]>
   </select>
   
   <select id="deleteDoc" parameterType="docVO">
      <![CDATA[
        update documents
           set doc_name = '프로젝트 기획안',
               doc_item1 = '이름',
               doc_item2 = '타이틀',
               doc_item3 = '주제',
               doc_item4 = '내용',
               doc_item5 = '구체화 방향',
               doc_content1 = '프로젝트 이름',
               doc_content2 = '프로젝트 제목',
               doc_content3 = '프로젝트 주제',
               doc_content4 = '프로젝트 내용',
               doc_content5 = '프로젝트 내용을 구현하기 위한 기능',
               create_date = #{createDate}
         where doc_seq = #{docSeq};
      ]]>
   </select>

</mapper>