<?xml version="1.0" encoding="UTF-8" ?>
<!DOCTYPE mapper
      PUBLIC "-//mybatis.org//DTD Mapper 3.0//EN"
   "http://mybatis.org/dtd/mybatis-3-mapper.dtd">

<mapper namespace="mapper.user">

   <resultMap id="userMap" type="userVO">
      <id property="userSeq" column="user_seq"/>
      <result property="id" column="id"/>
      <result property="pwd" column="pwd"/>
      <result property="name" column="name"/>
      <result property="email" column="email"/>
      <result property="phoneNum" column="phone_num"/>
      <result property="joinDate" column="join_date"/>
      <result property="status" column="status"/>
   </resultMap>

   <select id="insertUser" parameterType="userVO">
      <![CDATA[
        insert into user(id,pwd,name,email,phone_num,status) 
        values (#{id},#{pwd},#{name},#{email},#{phoneNum},'Y')
      ]]>
   </select>
   
   <select id="selectUser" resultMap="userMap" resultType="userVO">
      <![CDATA[
        select * from user
      ]]>
   </select>
   
   <select id="updateUser" parameterType="userVO">
      <![CDATA[
        update user
           set pwd = #{pwd},
               name = #{name},
               email = #{email},
               phone_num = #{phoneNum},
               status = #{status}
         where user_seq = #{userSeq}
      ]]>
   </select>
   
   <select id="deleteUser" parameterType="java.lang.Integer">
      <![CDATA[
        delete 
          from user 
         where user_seq = #{userSeq}
      ]]>
   </select>
</mapper>
