<?xml version="1.0" encoding="UTF-8" ?>
<!DOCTYPE tiles-definitions PUBLIC
"-//Apache Software Foundation//DTD Tiles Configuration 2.0//EN"
"http://tiles.apache.org/dtds/tiles-config_2_0.dtd">
<tiles-definitions>
   <definition name="baseLayout"  template="/WEB-INF/views/tiles/layout.jsp">
      <put-attribute name="title" value="" />
      <put-attribute name="header" value="/WEB-INF/views/tiles/header.jsp" />
      <put-attribute name="side" value="" />
      <put-attribute name="body" value="" />
      <put-attribute name="footer" value="/WEB-INF/views/tiles/footer.jsp" />
   </definition>
   
   <definition name="main" extends="baseLayout">
      <put-attribute name="title" value="메인페이지" />
      <put-attribute name="body" value="/WEB-INF/views/main/noneLoginMain.jsp" />
   </definition>
   
  <definition name="loginMain" extends="baseLayout">
      <put-attribute name="title" value="로그인메인페이지" />
      <put-attribute name="body" value="/WEB-INF/views/main/loginMain.jsp" />
    <!-- <put-attribute name="side" value="/WEB-INF/views/tiles/side.jsp"/> -->
   </definition>
</tiles-definitions>
