<?xml version="1.0" encoding="UTF-8"?>
<beans:beans xmlns="http://www.springframework.org/schema/mvc"
	xmlns:xsi="http://www.w3.org/2001/XMLSchema-instance"
	xmlns:beans="http://www.springframework.org/schema/beans"
	xmlns:context="http://www.springframework.org/schema/context"
	xsi:schemaLocation="http://www.springframework.org/schema/mvc https://www.springframework.org/schema/mvc/spring-mvc.xsd
		http://www.springframework.org/schema/beans https://www.springframework.org/schema/beans/spring-beans.xsd
		http://www.springframework.org/schema/context https://www.springframework.org/schema/context/spring-context.xsd">

	<!-- DispatcherServlet Context: defines this servlet's request-processing infrastructure -->
	
	<!-- Enables the Spring MVC @Controller programming model -->
	<annotation-driven />

	<!-- Handles HTTP GET requests for /resources/** by efficiently serving up static resources in the ${webappRoot}/resources directory -->
	<resources mapping="/resources/**" location="/resources/" />

	<!-- Resolves views selected for rendering by @Controllers to .jsp resources in the /WEB-INF/views directory -->
	<!--  
	<beans:bean class="org.springframework.web.servlet.view.InternalResourceViewResolver">
		<beans:property name="prefix" value="/WEB-INF/views/" />
		<beans:property name="suffix" value=".jsp" />
	</beans:bean>
	-->
	
	<beans:bean id="tilesConfigurer" class="org.springframework.web.servlet.view.tiles2.TilesConfigurer">
		<beans:property name="definitions">
			<beans:list>
				<beans:value>classpath:tiles/*.xml</beans:value>
			</beans:list>
		</beans:property>
		<beans:property name="preparerFactoryClass"
			          value="org.springframework.web.servlet.view.tiles2.SpringBeanPreparerFactory" />
	</beans:bean>
	<beans:bean id="viewResolver"
		class="org.springframework.web.servlet.view.UrlBasedViewResolver">
		<beans:property name="viewClass" value="org.springframework.web.servlet.view.tiles2.TilesView" />
	</beans:bean>
	<context:component-scan base-package="com.project.asc" />
	<beans:bean id="multipartResolver" class="org.springframework.web.multipart.commons.CommonsMultipartResolver">
		<!--  최대 업로드 가능한 바이트 크기 ('-1'은 제한 없음)  -->
		<beans:property name="maxUploadSize" value="-1"/>
		<!--  임시파일 생성 전 메모리에 보관할 수 있는 최대 바이트 크기  -->
		<beans:property name="maxInMemorySize" value="-1"/>
		<!--  요청을 파싱할 때 사용할 인코딩  -->
		<beans:property name="defaultEncoding" value="UTF-8"/>
	</beans:bean>
</beans:beans>
