<?xml version="1.0" encoding="UTF-8" ?>
<!DOCTYPE tiles-definitions PUBLIC
"-//Apache Software Foundation//DTD Tiles Configuration 2.0//EN"
"http://tiles.apache.org/dtds/tiles-config_2_0.dtd">
<tiles-definitions>
   <definition name="baseLayout"  template="/WEB-INF/views/tiles/layout.jsp">
      <put-attribute name="title" value="" />
      <put-attribute name="header" value="/WEB-INF/views/tiles/header.jsp" />
      <put-attribute name="side" value="" />
      <put-attribute name="body" value="" />
      <put-attribute name="footer" value="/WEB-INF/views/tiles/footer.jsp" />
   </definition>

   <definition name="/boardList" extends="baseLayout">
      <put-attribute name="title" value="에러게시판" />
      <put-attribute name="body" value="/WEB-INF/views/board/boardList.jsp" />
      <put-attribute name="side" value="/WEB-INF/views/tiles/side.jsp"/>
   </definition>

   <definition name="/viewWriteBoard" extends="baseLayout">
      <put-attribute name="title" value="에러게시판" />
      <put-attribute name="body" value="/WEB-INF/views/board/viewWriteBoard.jsp" />
      <put-attribute name="side" value="/WEB-INF/views/tiles/side.jsp"/>
   </definition>
   
   <definition name="/readBoard" extends="baseLayout">
      <put-attribute name="title" value="에러게시판" />
      <put-attribute name="body" value="/WEB-INF/views/board/readBoard.jsp" />
      <put-attribute name="side" value="/WEB-INF/views/tiles/side.jsp"/>
   </definition>
   
   <definition name="/viewUpdateBoard" extends="baseLayout">
      <put-attribute name="title" value="에러게시판" />
      <put-attribute name="body" value="/WEB-INF/views/board/viewUpdateBoard.jsp" />
      <put-attribute name="side" value="/WEB-INF/views/tiles/side.jsp"/>
   </definition>
   
   <definition name="/boardListPaging" extends="baseLayout">
      <put-attribute name="title" value="에러게시판" />
      <put-attribute name="body" value="/WEB-INF/views/board/boardListPaging.jsp" />
      <put-attribute name="side" value="/WEB-INF/views/tiles/side.jsp"/>
   </definition>
   
   <definition name="/boardListPaging" extends="baseLayout">
      <put-attribute name="title" value="에러게시판" />
      <put-attribute name="body" value="/WEB-INF/views/board/boardListPaging.jsp" />
      <put-attribute name="side" value="/WEB-INF/views/tiles/side.jsp"/>
   </definition>

</tiles-definitions>
