<?xml version="1.0" encoding="UTF-8" ?>
<!DOCTYPE tiles-definitions PUBLIC
"-//Apache Software Foundation//DTD Tiles Configuration 2.0//EN"
"http://tiles.apache.org/dtds/tiles-config_2_0.dtd">
<tiles-definitions>
   <definition name="baseLayout"  template="/WEB-INF/views/tiles/layout.jsp">
      <put-attribute name="title" value="" />
      <put-attribute name="header" value="/WEB-INF/views/tiles/header.jsp" />
      <put-attribute name="side" value="" />
      <put-attribute name="body" value="" />
      <put-attribute name="footer" value="/WEB-INF/views/tiles/footer.jsp" />
   </definition>
   
   <definition name="/project/viewCreateProject" extends="baseLayout">
      <put-attribute name="title" value="메인페이지" />
      <put-attribute name="body" value="/WEB-INF/views/project/viewCreateProject.jsp" />
   </definition>
   
   <definition name="/project/manageProject" extends="baseLayout">
      <put-attribute name="title" value="메인페이지" />
      <put-attribute name="body" value="/WEB-INF/views/project/manageProject.jsp" />
      <put-attribute name="side" value="/WEB-INF/views/tiles/side.jsp"/>
   </definition>
   
   <definition name="/project/viewScheduleProject" extends="baseLayout">
      <put-attribute name="title" value="메인페이지" />
      <put-attribute name="body" value="/WEB-INF/views/project/viewScheduleProject.jsp" />
      <put-attribute name="side" value="/WEB-INF/views/tiles/side.jsp"/>
   </definition>
   
   <definition name="/project/viewInviteProject" extends="baseLayout">
      <put-attribute name="title" value="메인페이지" />
      <put-attribute name="body" value="/WEB-INF/views/project/viewInviteProject.jsp" />
      <put-attribute name="side" value="/WEB-INF/views/tiles/side.jsp"/>
   </definition>
   
</tiles-definitions>
