<?xml version="1.0" encoding="UTF-8" ?>
<!DOCTYPE mapper
      PUBLIC "-//mybatis.org//DTD Mapper 3.0//EN"
   "http://mybatis.org/dtd/mybatis-3-mapper.dtd">

<mapper namespace="mapper.dash">
	<resultMap id="dashMap" type="dashVO">
		<collection property="docList" javaType="java.util.ArrayList" resultMap="docMap"></collection>
	</resultMap>
	<resultMap id="docMap" type="docVO">
		<id property="docSeq" column="doc_seq"/>
		<result property="projectSeq" column="project_seq"/>
		<result property="docName" column="doc_name"/>
	</resultMap>

	<select id="selectAllDoc" resultMap="dashMap">
		<![CDATA[
			select doc_seq,project_seq,doc_name from documents;
		]]>
	</select>
</mapper>