<?xml version="1.0" encoding="UTF-8" ?>
<!DOCTYPE mapper
      PUBLIC "-//mybatis.org//DTD Mapper 3.0//EN"
   "http://mybatis.org/dtd/mybatis-3-mapper.dtd">

<mapper namespace="mapper.teamMember">

   <resultMap id="teamMemberMap" type="teamMemberVO">
      <id property="teamMemberSeq" column="team_member_seq"/>
      <result property="userSeq" column="user_seq"/>
      <result property="teamId" column="team_id"/>
      <result property="teamLeader" column="team_leader"/>
      <result property="createDate" column="create_date"/>
      <result property="teamCategory" column="team_category"/>
   </resultMap>

   <select id="selectMaxTeamId" resultType="teamMemberVO">
      <![CDATA[
        select max(team_id) as teamId 
          from team_member
         where left(team_id,6) = substring(DATE_FORMAT(now(), '%Y%m%d'),3,6)
      ]]>
	</select>
	
	<select id="createTeamMember" parameterType="teamMemberVO">
      <![CDATA[
        insert into team_member(user_seq,team_id,team_leader,team_category) 
        values (#{userSeq},#{teamId},'Y','S')
      ]]>
   </select>
   
   
</mapper>