<?xml version="1.0" encoding="UTF-8" ?>
<!DOCTYPE mapper
      PUBLIC "-//mybatis.org//DTD Mapper 3.0//EN"
   "http://mybatis.org/dtd/mybatis-3-mapper.dtd">

<mapper namespace="mapper.user">

   <resultMap id="userMap" type="userVO">
      <id property="userSeq" column="user_seq"/>
      <result property="id" column="id"/>
      <result property="pwd" column="pwd"/>
      <result property="name" column="name"/>
      <result property="email" column="email"/>
      <result property="phoneNum" column="phone_num"/>
      <result property="joinDate" column="join_date"/>
      <result property="status" column="status"/>
   </resultMap>

   <select id="insertUser" parameterType="userVO">
      <![CDATA[
        insert into user(id,pwd,name,email,phone_num,status) 
        values (#{id},#{pwd},#{name},#{email},#{phoneNum},'Y')
      ]]>
   </select>
   
   <select id="selectUserIdBySeq" resultType="String">
      <![CDATA[
        select id from user
        where user_seq = #{userSeq}
      ]]>
   </select>
   
   <select id="checkId" resultType="int" parameterType="String">
      <![CDATA[
        select count(*) 
          from user
         where id = #{id}
      ]]>
	</select>
   
   <select id="selectUser" resultMap="userMap" resultType="userVO">
      <![CDATA[
        select * from user
      ]]>
   </select>
   
   <select id="checkUserByIdPwd"  resultMap="userMap" resultType="userVO" parameterType="userVO">
      <![CDATA[
        select *
          from user 
         where id = #{id} and pwd = #{pwd}
      ]]>
   </select>
   
   <select id="checkUserByIdPwd2"  resultType="int" parameterType="userVO">
      <![CDATA[
        select count(*)
          from user 
         where id = #{id} and pwd = #{pwd}
      ]]>
   </select>
   
   <select id="updateUser" parameterType="userVO">
      <![CDATA[
        update user
           set pwd = #{pwd},
               name = #{name},
               email = #{email},
               phone_num = #{phoneNum},
               status = #{status}
         where user_seq = #{userSeq}
      ]]>
   </select>
   
    <select id="updatePwd" parameterType="userVO">
      <![CDATA[
        update user
        set pwd = #{pwd}
        where id = #{id}
      ]]>
   </select>
   
   <select id="deleteUser" parameterType="java.lang.Integer">
      <![CDATA[
        delete 
          from user 
         where user_seq = #{userSeq}
      ]]>
   </select>
   
    <select id="findId"   resultType="String" parameterType="userVO">
      <![CDATA[
        select id
        from user 
        where name = #{name} and email = #{email}
      ]]>
   </select>
   
   <select id="findPwd"  resultType="String" parameterType="userVO">
      <![CDATA[
        select pwd
        from user 
        where name = #{name} and email = #{email} and id = #{id}
      ]]>
   </select>
   
   <select id="checkUser"  resultType="int">
      <![CDATA[
        select count(id) from user where id=#{id};
      ]]>
   </select>
   
	<!-- 검색된 회원 수 -->
   	<select id="searchUserCount" resultType="userVO" resultMap="userMap">
		<![CDATA[
			select count(*) from user
			where status like concat ('%', #{status}, '%')
			and (user_seq like concat('%', #{keyword}, '%')
				or id like concat('%', #{keyword}, '%') 
				or name like concat('%', #{keyword}, '%')
				or email like concat('%', #{keyword}, '%')
				or join_date like concat('%', #{keyword}, '%'))
		]]>
	</select>
   
	<!-- 회원 목록 페이징 -->
   	<select id="userListPaging" parameterType="userVO" resultMap="userMap" resultType="userVO">
		<![CDATA[
			select 
				user_seq, id, name, email, join_date 
			from user 
			order by user_seq desc
				limit #{startRowNum}, #{viewRows};
		]]>
	</select>	
   
   	<!-- 총 회원 수 -->
   	<select id="totalUserCount" resultType="userVO" resultMap="userMap">
		<![CDATA[
			select count(*) from user
		]]>
	</select>
	
	<!-- 회원 검색 -->
   	<select id="searchUser" resultType="userVO" resultMap="userMap">
		<![CDATA[
			select 
				user_seq, id, name, email, join_date 
			from user
			where status like concat ('%', #{status}, '%') 
			and (user_seq like concat('%', #{keyword}, '%')
				or id like concat('%', #{keyword}, '%') 
				or name like concat('%', #{keyword}, '%')
				or email like concat('%', #{keyword}, '%')
				or join_date like concat('%', #{keyword}, '%'))
		]]>
	</select>
   
   <!-- 상태(status) 'N'으로 바꾸기 -->
   	<select id="updateUserStatus" parameterType="java.lang.Integer">
		<![CDATA[
			update user
				set status = 'N'
			where user_seq = #{userSeq}
		]]>
	</select>

	<!-- 회원 정보 수정 -->
	<select id="updateUserInfo" parameterType="userVO">
		<![CDATA[
			update user
				set name = #{name},
				email = #{email},
				phone_num = #{phoneNum}
			where user_seq = #{userSeq}
		]]>
	</select>

	<!-- 회원 상세정보 페이지 가기 -->
	<select id="selectUserInfo" resultMap="userMap" resultType="userVO" parameterType="java.lang.Integer">
		<![CDATA[
			select * from user
			where user_seq = #{userSeq}
		]]>
	</select>	

	<!-- 회원(user) 목록 불러오기 -->
	<select id="selectAllUserList" resultMap="userMap" resultType="userVO">
		<![CDATA[
			select 
				user_seq, id, name, email, join_date 
			from user 
			order by user_seq desc
		]]>
	</select>	

	<!-- 마이페이지 정보 업데이트 -->
	<select id="updateMyInfo" parameterType="userVO">
		<![CDATA[
			update user
				set name = #{name},
				pwd = #{pwd},
				email = #{email},
				phone_num = #{phoneNum}
			where id = #{id}
		]]>
	</select>
	
	<!-- 비밀번호 체크 -->
	<select id="pwdCheck" parameterType="userVO" resultType="userVO" >
		<![CDATA[
			select * from user where id = #{id} and pwd = #{pwd};
		]]>
	</select>

	<!-- 마이페이지에 들어갈 정보 -->
	<select id="viewMyPage" resultMap="userMap" resultType="userVO" parameterType="String">
		<![CDATA[
			select 
				name, id, pwd, email, phone_num 
			from user
			where id = #{id};
		]]>
	</select>
   
</mapper>