<?xml version="1.0" encoding="UTF-8" ?>
<!DOCTYPE mapper
      PUBLIC "-//mybatis.org//DTD Mapper 3.0//EN"
   "http://mybatis.org/dtd/mybatis-3-mapper.dtd">
   
<mapper namespace="mapper.model">
	<resultMap id="memberMap" type="memberVO">
		<id property="memberNo" column="member_no"/>
		<result property="name" column="name"/>
		<result property="pwd" column="pwd"/>
		<result property="depart" column="depart"/>
		<result property="position" column="position"/>
		<result property="birthDate" column="birth_date"/>
		<result property="phoneNum" column="phone_num"/>
		<result property="joinDate" column="join_date"/>
		<result property="email" column="email"/>
		<result property="workYn" column="work_yn"/>
	</resultMap>

	<select id="selectMemberById" resultMap="memberMap" resultType="memberVO" parameterType="String">
      <![CDATA[
        select *
          from member 
         where member_no = #{memberNo} and work_yn = "Y"
      ]]>
	</select>
	
	<select id="selectMemberByIdAndPwd" resultMap="memberMap" resultType="memberVO" parameterType="memberVO">
      <![CDATA[
        select *
          from member 
         where member_no = #{memberNo} and pwd = #{pwd}
           and work_yn = "Y"
      ]]>
	</select>
	
	<select id="selectMemberList" resultMap="memberMap" resultType="memberVO">
      <![CDATA[
        select *
          from member 
         where work_yn = "Y"
      ]]>
	</select>
	
	<select id="searchMemberList" resultMap="memberMap" resultType="memberVO" parameterType="String">
      <![CDATA[
        select *
          from member 
         where work_yn = "Y"
           and (member_no like concat('%',#{word},'%') OR 
           		name like concat('%',#{word},'%') OR 
           	    depart like concat('%',#{word},'%') OR 
           	    position like concat('%',#{word},'%') OR 
           	    birth_date like concat('%',#{word},'%') OR 
           	    phone_num like concat('%',#{word},'%') OR 
           	    join_date like concat('%',#{word},'%') OR 
           	    email like concat('%',#{word},'%')
           	    )
      ]]>
	</select>
	
	<select id="selectMemberMax" resultMap="memberMap" resultType="memberVO">
      <![CDATA[
        select MAX(member_no) as member_no
          from member 
         where work_yn = "Y" and member_no <> 'admin'
      ]]>
	</select>
	
	<select id="insertMember" parameterType="memberVO">
      <![CDATA[
        insert into member(member_no,name,pwd,depart,position,birth_date,phone_num,join_date,email,work_yn) 
					value (#{memberNo} ,#{name} ,#{pwd} ,#{depart} ,#{position} ,#{birthDate} ,#{phoneNum} ,#{joinDate} ,#{email} ,#{workYn});
      ]]>
	</select>
	
	<select id="deleteMember" parameterType="String">
      <![CDATA[
         delete from member where member_no = #{memberNo}
      ]]>
	</select>
	
	<select id="updateMember" parameterType="memberVO">
      <![CDATA[
         update member 
            set name = #{name},
            	pwd = #{pwd},
            	depart = #{depart},
            	position = #{position},
            	birth_date = #{birthDate},
            	phone_num = #{phoneNum},
            	join_date = #{joinDate},
            	email = #{email}
          where member_no = #{memberNo}
      ]]>
	</select>
	
	<select id="leaveMember" parameterType="memberVO">
      <![CDATA[
         update member 
            set work_yn = #{workYn}
          where member_no = #{memberNo}
      ]]>
	</select>
	
</mapper>







